sgan,reportdate
376694,2005
22485062,2005
334683,2005
334683,2005
350612,2005
11065581,2005
10086088,2005
10137492,2005
20462453,2005
376726,2005
11543427,2005
10092889,2005
11329878,2005
335757,2005
337918,2005
23293882,2005
357403,2005
11560905,2005
10092127,2005
11095739,2005
352804,2005
11093612,2005
336535,2005
21196065,2005
335035,2005
2776854,2005
337762,2005
335762,2005
10099210,2005
10102549,2005
13664678,2005
349766,2005
11120281,2006
10093799,2006
11322234,2006
10096335,2006
336381,2006
378983,2006
335184,2005
2771158,2005
21427277,2005
11081316,2005
338272,2005
10100982,2005
21441102,2005
11126446,2005
334671,2005
11348987,2005
13508777,2005
11093600,2005
359771,2005
2761412,2005
11547003,2005
11146896,2005
23649395,2005
10097218,2005
21276479,2005
356930,2005
23294720,2005
10116105,2005
2777685,2005
335759,2005
11065713,2005
11146939,2005
2786569,2005
337751,2005
351794,2005
2785865,2005
337830,2005
22774256,2005
10096775,2005
10074285,2005
11139284,2005
11128708,2005
351549,2005
335530,2005
10025981,2005
10075732,2005
11539024,2005
358708,2005
10078227,2005
336504,2005
10100822,2005
11536831,2005
2769178,2005
11349033,2005
340259,2005
336478,2005
10077004,2005
10076814,2005
2786574,2005
2826010,2005
20497327,2005
353001,2005
11146816,2005
10072415,2005
337424,2005
350502,2005
10096787,2005
10098059,2005
13665766,2006
11065589,2006
2782492,2006
2773262,2006
2845980,2006
11116140,2006
20497325,2006
2767174,2006
338196,2006
10080891,2006
335751,2006
10100813,2006
21196065,2006
22775487,2006
21195434,2006
2845547,2006
11533909,2006
335322,2007
335322,2007
335322,2007
346117,2007
356914,2007
10102876,2007
11271496,2007
10017368,2007
10097329,2007
338429,2007
2782406,2007
20350098,2007
10087917,2007
339058,2007
11065575,2007
11313806,2007
11530208,2007
10084704,2007
2805152,2007
11264828,2007
23481808,2007
10092748,2009
10096098,2009
10101443,2009
21426592,2009
11139295,2009
25119716,2009
2778295,2009
21197299,2009
13489303,2009
2776670,2009
2845982,2009
337138,2009
11549280,2009
2782545,2009
2782543,2009
13633950,2009
351917,2009
13505552,2009
2797535,2009
337147,2009
13613851,2009
11065714,2009
355847,2009
2792577,2009
10100971,2009
24961156,2009
11269539,2009
10096339,2009
335320,2009
335320,2009
335320,2009
11555593,2009
13666718,2009
10095724,2009
24961156,2009
2761892,2009
337827,2009
337174,2009
13489303,2009
11114020,2009
13655117,2009
11337349,2009
2845950,2009
2785719,2009
22217922,2009
10074194,2009
11120275,2009
10101019,2009
2834805,2009
11091502,2009
2770977,2009
13613818,2009
2808239,2009
10097272,2009
336500,2009
337376,2009
335415,2009
377016,2009
339638,2009
11065546,2009
2805013,2009
2805024,2009
336763,2008
11539668,2008
10076806,2008
10102587,2008
10102587,2008
10102661,2008
335715,2008
10169155,2008
11163268,2008
336496,2008
10146700,2008
337742,2008
337742,2008
10146700,2008
10146700,2008
358413,2008
23998490,2008
2804999,2008
337967,2008
11029572,2008
356905,2008
11124360,2008
10147540,2008
2761890,2008
337420,2008
10096758,2008
23568421,2008
10084604,2008
21196067,2008
350505,2008
338436,2008
21197296,2008
11052990,2008
350840,2008
25226715,2008
341809,2008
338292,2008
2777377,2008
339300,2008
11091443,2008
10101126,2008
11282944,2008
11565047,2008
358515,2008
11151042,2008
334632,2008
2785896,2008
13637493,2008
11124378,2008
11319066,2008
11052980,2008
21269838,2008
11544308,2008
11065557,2008
10097814,2007
336349,2007
23294715,2007
2819123,2007
11128761,2007
336534,2007
10083165,2007
11139330,2007
335322,2007
13679830,2007
11128689,2007
353067,2007
357024,2007
11531881,2005
352185,2008
11029603,2005
352221,2005
335560,2005
11278260,2005
11052798,2005
10097870,2007
10095496,2007
10095496,2007
13634083,2007
11539618,2007
354828,2007
13675819,2007
379602,2007
345437,2007
10147768,2006
13509728,2006
335081,2006
357403,2006
360024,2006
2771723,2006
2797473,2006
2778414,2006
25119463,2006
336544,2006
335760,2006
11029534,2006
10079929,2006
11031623,2006
338123,2006
21197297,2006
335142,2006
11095755,2007
2817708,2007
359265,2005
11081307,2005
10096113,2005
10076051,2005
376726,2005
10074194,2005
2778424,2007
336535,2007
22358771,2007
11139313,2007
13637322,2008
11573986,2008
348209,2008
381265,2008
2805379,2008
11512839,2008
13504261,2008
13656578,2008
356905,2005
2782537,2005
10092570,2005
10146052,2008
337742,2008
10079917,2008
2778414,2008
10077009,2008
10102669,2008
23368159,2008
10103183,2007
13642342,2012
2844393,2012
336589,2012
11095737,2005
22170920,2005
10091360,2005
10116118,2006
10079910,2006
335715,2006
11065610,2006
11095766,2006
11518463,2006
2819123,2006
11029603,2006
11146943,2012
11311305,2010
10089762,2011
2825994,2005
11529678,2005
21277879,2005
2805064,2005
11116205,2005
11300563,2005
10093075,2006
10077667,2006
20497387,2006
349994,2006
21276481,2006
2761999,2006
2845980,2006
337762,2006
20350295,2006
338426,2006
338426,2006
10083171,2006
10147598,2006
13613836,2011
23651248,2011
13613834,2011
13613838,2011
355223,2011
21196098,2011
11081322,2011
11546950,2011
11530155,2011
10096985,2012
11146939,2012
377084,2012
345529,2012
2825762,2012
335323,2010
11004151,2010
335721,2005
10096475,2005
11322234,2007
2819168,2007
10096117,2007
2805543,2007
10076972,2007
13635060,2007
10097051,2009
2805182,2009
11535703,2010
22531545,2011
10096228,2011
335974,2011
11146866,2011
10100889,2012
334674,2012
334674,2012
10102844,2012
355334,2012
11065610,2012
13656578,2012
13634058,2010
11546949,2005
10116105,2005
22357458,2005
356841,2009
11529360,2009
339025,2009
13664568,2009
10147684,2009
2761412,2009
335102,2009
335320,2009
335320,2009
334720,2009
13666718,2009
11091498,2010
10074923,2010
21194779,2010
10098506,2011
23293885,2011
10095562,2011
336600,2011
10102387,2011
11209881,2011
10017237,2011
21269799,2012
21262819,2012
2770979,2012
337827,2012
376758,2012
11530270,2012
11095722,2012
357253,2012
355220,2010
2779585,2009
13635067,2009
349450,2009
338451,2009
350502,2009
2786024,2009
10093631,2009
2773285,2008
10146700,2008
337742,2008
358413,2008
358413,2008
10141026,2008
13656578,2008
21277086,2008
10096117,2008
10147530,2008
351110,2008
10022030,2010
338341,2010
10103585,2010
11031618,2011
11316486,2005
2825994,2005
21435862,2005
2761412,2005
337742,2005
11317071,2005
11116140,2005
356912,2006
25119557,2006
337108,2006
348660,2006
2784735,2006
13504393,2006
11146943,2006
336000,2006
2803536,2006
10116118,2006
337970,2006
10090712,2006
376934,2006
335534,2006
346114,2006
10141024,2006
2770977,2006
10077010,2006
10100827,2006
340180,2006
23649395,2006
10141026,2007
22907610,2007
10123415,2007
13485282,2007
13634083,2007
358434,2007
13494637,2007
356841,2007
11146936,2007
22580852,2007
2797473,2007
10102470,2007
13635060,2007
2778372,2007
10096117,2007
2819055,2007
10166517,2007
13633743,2007
337039,2007
349753,2008
356379,2008
10077025,2008
11530022,2008
13546208,2008
11128692,2008
349777,2008
339181,2008
10096961,2008
11116140,2008
10096961,2008
335320,2008
11530048,2005
2778359,2005
335534,2005
10137512,2006
337206,2006
350089,2006
10097329,2006
337206,2006
20462695,2006
2804922,2006
336900,2006
11332334,2007
13510947,2007
336747,2007
2845561,2007
335143,2007
10101387,2007
11146893,2007
11029603,2006
11272731,2006
11216552,2006
11065577,2006
10116105,2006
11128683,2006
10077001,2006
2762005,2006
2778295,2006
10097125,2006
11139301,2006
382359,2006
11116217,2006
345435,2006
349866,2006
13665766,2006
10078227,2006
21441102,2006
11128744,2008
2803517,2008
355218,2008
11126418,2008
10077023,2008
2779710,2008
10116105,2008
10076810,2008
338617,2008
10101506,2008
13656578,2008
10095553,2008
10097877,2008
11065577,2008
11065594,2008
10098200,2006
10097907,2006
11297410,2006
10102570,2006
10097877,2006
2776646,2006
335610,2006
11114054,2006
337546,2006
11530012,2006
335629,2006
11544722,2006
10074915,2006
348649,2006
335038,2006
335578,2006
10102263,2006
335448,2005
2778295,2005
376694,2005
10091489,2005
10093530,2005
10103585,2005
10097846,2006
335713,2006
11114007,2006
21276609,2006
11126420,2006
10095822,2006
10074577,2006
11116190,2006
10091489,2006
335749,2006
10099253,2006
382366,2006
11085353,2006
11052810,2006
11144321,2006
11124378,2006
11128744,2006
11029588,2006
11146892,2006
10097362,2006
10101970,2006
323272,2006
340258,2006
352183,2006
335540,2006
13648848,2006
10074504,2006
11522020,2006
11126446,2006
11529744,2006
351568,2006
25344675,2006
11128744,2006
2791424,2008
11095769,2008
11004639,2008
11544209,2008
10061820,2005
10146700,2005
20350098,2007
11128741,2007
337956,2007
10096098,2007
336589,2007
10098532,2007
337031,2007
2845980,2007
11062842,2007
350622,2007
335581,2007
2778370,2007
337031,2007
337033,2007
335081,2007
10097364,2007
339059,2007
11128744,2007
21278404,2007
20506946,2007
335560,2007
2803628,2007
10166629,2007
10097364,2007
13534118,2007
357398,2007
10078082,2006
2805030,2006
11530143,2006
323272,2006
11531881,2006
13509726,2006
10091526,2006
11146869,2006
10147599,2006
10097793,2006
10086153,2006
2819121,2006
11146827,2006
2778359,2006
10095236,2006
2811600,2007
350190,2007
10084585,2007
21262532,2007
336477,2007
2792573,2007
11029541,2008
11139317,2008
10146052,2008
10097370,2008
338861,2008
2805304,2008
11573461,2008
2805396,2008
335184,2008
10079917,2008
357038,2008
338403,2008
20478748,2008
20478748,2008
21270506,2008
21270506,2008
335390,2008
10102818,2008
2811583,2008
357403,2008
2805032,2008
357403,2008
11065558,2007
10084561,2007
2776866,2007
336492,2007
22955106,2007
2805240,2007
349774,2007
11095766,2007
13491741,2007
350637,2007
10098075,2005
10098075,2005
23294719,2005
10103486,2007
10103539,2005
10102854,2006
10102847,2006
10102738,2006
10097917,2006
10098073,2005
22357454,2006
10102809,2007
21195438,2007
11216301,2007
23649395,2007
23649395,2007
11544727,2006
23293884,2006
11539668,2006
335103,2006
382903,2006
10091038,2006
357030,2006
23293885,2010
350602,2010
11052827,2010
329921,2010
10100804,2011
2771523,2011
21270321,2011
11541920,2011
11265247,2011
22170919,2011
10095590,2011
10095588,2011
21264939,2010
10080565,2005
11146934,2010
11269539,2010
2805244,2010
2805244,2010
2817576,2010
2786064,2010
2782508,2010
22172247,2010
11216068,2010
2845547,2010
2805292,2010
378983,2011
2805138,2010
11095762,2010
350502,2011
11065610,2011
2782636,2011
10091548,2010
352214,2011
10116118,2011
323407,2011
21482752,2011
21482755,2011
350085,2011
2770694,2011
358651,2011
351110,2011
337169,2011
10102331,2011
21437808,2011
11071807,2011
10234403,2011
23293885,2011
13613834,2011
13638913,2011
13634288,2011
20471575,2012
11321207,2012
10084608,2012
10102754,2011
10103585,2012
21472737,2012
2779710,2012
338034,2012
335349,2012
335303,2012
10166614,2012
10097793,2012
13504367,2012
11095766,2012
22907604,2012
10102809,2012
21469319,2012
335178,2012
22955109,2012
21435512,2012
11128653,2012
10096524,2010
13645636,2010
2778414,2012
11120311,2012
337275,2012
338677,2012
11530081,2012
10116133,2012
11116190,2012
336455,2012
2803488,2011
11128717,2012
13613816,2012
20350098,2012
11081299,2012
358393,2012
350975,2012
338031,2012
336496,2012
22456452,2012
10097831,2012
10097376,2012
10099260,2012
10166629,2012
336392,2012
2803451,2012
11544726,2012
2782494,2012
11031620,2012
10102792,2012
2779622,2012
351561,2012
2761410,2012
335300,2012
2815334,2012
21274080,2012
10152688,2012
11532149,2012
356078,2012
10147523,2012
11529705,2012
11146890,2012
10166629,2012
21500751,2012
11278233,2012
351005,2012
10136598,2012
351369,2013
377105,2013
10083171,2013
11146828,2013
10096814,2013
13681797,2013
11065582,2012
11530270,2012
13551103,2012
2785843,2013
11539024,2013
11081317,2013
10103583,2013
10089669,2013
10095818,2013
336745,2013
10102657,2013
11216068,2013
10083409,2013
2797749,2013
10080721,2012
11530081,2012
2846218,2013
336344,2013
336344,2013
13637595,2013
2805167,2013
10097814,2013
11501738,2013
11065647,2013
350648,2013
10102809,2013
337827,2013
20808351,2013
11216556,2013
2827021,2012
23651248,2012
11146922,2013
10017350,2013
350962,2013
2770979,2013
11091526,2013
10102809,2013
11144323,2013
358339,2013
11029548,2013
11095758,2013
20489598,2013
2803399,2013
336591,2013
2803534,2013
10103487,2013
356830,2013
11268227,2013
10097129,2012
349970,2012
356837,2013
11544774,2013
10101313,2013
2803534,2013
335628,2013
356830,2013
2803523,2013
337165,2013
10102312,2014
11227025,2012
11530155,2013
11567729,2014
22955109,2014
2817603,2014
10095496,2014
21965987,2014
21196049,2014
350502,2014
11544198,2014
351422,2014
10077707,2013
2785719,2013
336396,2014
22357457,2014
2805161,2014
11128677,2014
11033653,2014
2797535,2014
10116118,2014
11530238,2014
23651248,2014
352183,2014
21276442,2014
335560,2014
334539,2012
22485062,2013
21707965,2014
11544198,2014
13642808,2014
11085352,2014
359082,2014
2805047,2014
21965987,2014
378982,2014
2844408,2014
11029565,2014
11349030,2014
2817567,2014
336427,2014
2804997,2014
335468,2014
2819123,2014
20489598,2014
11544774,2013
10097814,2013
2844408,2014
356841,2014
21276477,2014
336737,2014
336763,2013
11146879,2013
10083168,2013
349940,2014
11216067,2014
337950,2014
11297416,2013
2805487,2013
22630256,2013
11065610,2013
11116140,2013
2805238,2013
350956,2013
10096985,2013
10083259,2013
11033664,2014
376831,2014
10102805,2014
21278391,2014
352226,2014
352250,2014
10091537,2014
2819236,2014
10091351,2012
2785822,2013
22955109,2014
335628,2014
13634134,2014
13637266,2014
336737,2013
10095746,2013
10096775,2013
21196095,2013
10097877,2013
11532028,2014
2804925,2014
358614,2014
2845681,2013
358400,2013
336720,2014
340258,2015
335702,2015
335560,2015
10102559,2013
11120293,2013
350602,2014
337372,2014
337967,2014
21264939,2015
11116255,2013
23509684,2013
2805161,2014
11307976,2012
11544739,2013
355062,2013
341177,2013
11280308,2013
10102413,2013
11339682,2013
10085558,2013
350502,2014
13679830,2014
13613816,2015
334603,2015
377105,2013
350502,2013
11116140,2015
10084596,2015
352289,2015
2819060,2015
13679830,2015
11146880,2015
2826142,2013
10097245,2013
11544308,2013
11128744,2013
2797749,2013
336768,2013
352517,2014
13669918,2014
10166614,2014
10096477,2014
21707964,2015
13679830,2015
357022,2013
334674,2013
13658958,2014
11546949,2014
13677063,2012
11116143,2013
350566,2014
11146817,2014
382516,2015
337571,2012
11349029,2013
356833,2013
335317,2013
337176,2013
10103487,2014
323409,2012
2804922,2013
11065647,2013
10103496,2015
337967,2012
337571,2012
11349008,2013
335726,2014
11128692,2014
335300,2014
350606,2015
10102809,2015
11124344,2015
338439,2015
13667491,2015
10102876,2015
10102844,2015
2805032,2015
11547029,2015
22311549,2013
2811614,2013
10152688,2014
10074504,2015
10095732,2015
2805591,2013
2805026,2013
22485062,2013
11349029,2015
10100967,2015
323409,2012
376962,2013
13634297,2014
11349029,2014
11537461,2015
10074796,2015
336921,2015
10102797,2015
336721,2015
13644558,2015
21276478,2012
10147519,2013
10097218,2013
2771141,2013
20806582,2013
10096929,2013
22485062,2013
2776674,2013
11356823,2014
350502,2015
11313806,2013
337420,2013
10097117,2013
10097907,2014
335113,2014
376674,2014
11300982,2014
356833,2014
21196187,2014
350994,2014
2819060,2015
21441102,2013
352517,2014
2844408,2014
21426592,2014
377023,2014
355132,2015
2764795,2012
11067752,2012
10077399,2014
10076816,2014
351819,2014
338680,2015
11348971,2015
2841514,2010
11272133,2010
10074908,2011
21444488,2011
337999,2011
10074924,2011
11549473,2011
10102738,2012
21441028,2011
11091518,2012
10095496,2012
11114049,2012
10097866,2012
10101970,2012
352075,2012
11065689,2012
11029555,2012
11546949,2012
10097866,2012
2782494,2012
11126446,2012
11004610,2012
11529896,2012
11116224,2012
340258,2012
338617,2012
338451,2012
340258,2012
11120275,2012
23998920,2012
345528,2012
2844534,2012
10086284,2012
352225,2012
11327109,2011
11033664,2011
11130790,2011
10146249,2011
11116200,2006
377105,2007
11144384,2007
337039,2007
11544748,2006
11508830,2006
339329,2007
21437808,2008
10103490,2006
376848,2007
334782,2007
10102845,2010
337983,2010
11031618,2011
13679830,2011
349882,2011
11065689,2011
23294607,2011
2819107,2011
10074179,2011
334545,2011
339029,2010
338072,2010
10103486,2010
11212119,2010
10102549,2010
11120315,2010
11303015,2010
10097272,2010
11319070,2010
2805385,2010
13613834,2010
323400,2010
11019350,2010
13681496,2010
2803498,2011
2819123,2011
22955109,2011
22456452,2011
11530155,2011
10083110,2010
335320,2010
329907,2010
13613816,2010
11216067,2010
13552328,2010
20497330,2010
335320,2010
2762001,2010
11065587,2010
335320,2010
11298570,2010
23568450,2011
11530250,2011
13546213,2011
11539668,2011
13638611,2010
10100295,2010
10083419,2010
10102413,2010
350000,2010
11575178,2010
11146939,2011
11065610,2012
11085354,2012
13679830,2012
11116217,2012
10097369,2012
11547003,2012
11081317,2012
346117,2012
356912,2012
23293885,2012
10102385,2012
340366,2012
10097866,2012
10116128,2015
10102876,2012
10102891,2012
11116244,2012
357038,2012
11031618,2012
10095466,2012
351549,2012
13657502,2010
11206877,2010
335320,2010
335321,2009
20350295,2010
10091104,2010
10097514,2010
10102034,2010
11268686,2010
10102738,2011
335184,2011
327631,2011
10092045,2011
2797443,2010
13665457,2011
11327077,2011
13651785,2011
338026,2011
334674,2011
11529891,2011
10100957,2011
11525615,2011
10147767,2011
336416,2011
11107850,2011
21196098,2011
10086707,2011
10100959,2011
10087148,2011
11321210,2011
11563024,2010
11539606,2011
10084608,2011
13546379,2011
13658501,2011
11128741,2012
338677,2012
23483249,2012
23246895,2012
10080690,2012
11095766,2012
381265,2012
11529790,2012
11128692,2012
11128677,2012
11116255,2012
351940,2012
23651248,2012
10103174,2012
11544308,2012
10102809,2012
13491774,2012
11065603,2012
337407,2010
11004632,2010
11278234,2012
11349025,2012
336484,2009
345742,2009
346022,2009
338504,2008
340452,2008
10097253,2010
350192,2010
350191,2010
11093606,2010
10074194,2010
323363,2010
10095823,2010
2797535,2011
10096799,2011
21482018,2011
338026,2011
335450,2011
349657,2011
349800,2011
11053853,2011
10096117,2011
13664568,2011
10102196,2011
21197287,2011
2764728,2011
338260,2011
2782190,2011
2785719,2011
10094238,2010
10117952,2010
357416,2010
10097067,2011
11547028,2011
10013140,2011
10096375,2011
2816143,2011
10096929,2011
2825025,2011
10169156,2011
338034,2011
11093658,2011
356357,2011
21437808,2011
351420,2011
11093612,2011
11085354,2011
10076806,2011
335208,2011
10074841,2011
11544308,2011
11529986,2012
21195429,2012
336421,2012
11547027,2012
379588,2012
10078227,2012
13650282,2012
24910184,2012
10147519,2012
13637694,2012
11031627,2012
336382,2012
350952,2012
2829286,2012
11085352,2012
10092423,2010
2798373,2010
13638915,2010
10025981,2010
10102312,2010
11128709,2010
20497330,2010
21894673,2010
11144329,2010
10124684,2010
13634297,2010
21197297,2010
13639185,2010
13521644,2010
10147640,2011
11313747,2011
21438779,2011
2775779,2010
10091626,2011
335610,2011
337176,2011
336504,2010
2792577,2010
23651248,2011
10082500,2011
10083475,2010
10099574,2012
351819,2012
13650346,2012
11146864,2012
11091451,2012
338212,2012
11120320,2012
337420,2005
2769097,2005
21474954,2005
356841,2010
13633754,2010
2829500,2010
13664678,2011
11529360,2011
11508830,2011
338656,2016
10096174,2016
23474053,2016
337762,2015
20870641,2015
10102470,2016
25346013,2016
336426,2016
335718,2015
11139318,2015
11065713,2015
11531946,2015
11120332,2015
337548,2015
335038,2015
11095724,2015
11529671,2015
11531946,2016
2778414,2016
335629,2015
22774258,2015
357042,2016
11539585,2016
11544308,2015
13637242,2015
10102818,2015
13656584,2015
10096361,2016
2779653,2016
11546951,2016
339310,2016
11141925,2015
345742,2015
11144321,2015
22014605,2015
21274521,2015
350503,2015
11065587,2016
357020,2015
21196087,2015
377087,2015
24961156,2015
337916,2016
359103,2015
360024,2015
2761999,2015
10097789,2015
11278234,2015
10096552,2015
335594,2015
350771,2016
337916,2016
2770675,2016
23651248,2016
10096117,2016
10084561,2015
10097850,2015
11004704,2015
349928,2016
10095824,2015
10076816,2015
10096375,2015
2805261,2016
10155030,2016
10096775,2016
11029548,2016
10078227,2016
336921,2016
10092449,2015
11322236,2015
13637535,2015
11116246,2015
336720,2015
23651248,2016
340180,2016
336597,2016
352208,2016
10102663,2016
11128682,2015
11529886,2015
13677073,2015
11317071,2015
10098045,2016
21264939,2016
350641,2016
11307950,2016
350516,2016
350070,2016
11126418,2016
10090810,2016
338677,2015
11536215,2016
11216068,2016
352275,2016
24289294,2016
336349,2015
337916,2015
10091605,2015
11071811,2015
338212,2016
10101164,2016
359086,2016
11081322,2016
2762003,2016
336548,2016
25424469,2015
22907610,2016
11529973,2016
2804997,2016
11216552,2016
10076806,2016
11342000,2016
10097511,2016
10091626,2016
10096941,2016
377023,2016
2844021,2016
21197297,2015
25423006,2015
336747,2015
350502,2015
349152,2016
10103616,2016
10102574,2016
10097789,2016
352225,2016
24545892,2016
10078227,2016
10084616,2016
337976,2016
11033664,2016
11216067,2016
11146819,2016
2779764,2016
356837,2016
2785831,2015
10091459,2015
11297410,2015
21437807,2015
23294720,2016
10097789,2016
10097133,2016
2761884,2016
11128751,2015
337821,2015
11320458,2016
10102365,2016
336589,2016
13613838,2016
23568524,2016
13664678,2016
335629,2015
10102809,2016
2797469,2005
13640051,2005
11128694,2005
2772022,2005
10091907,2005
2792589,2005
338363,2005
2762543,2005
11348987,2005
10073177,2005
2833302,2005
2785934,2005
339154,2005
10137492,2005
2797749,2005
10137559,2005
10146704,2005
335326,2005
10166557,2005
10136600,2006
11536219,2006
336484,2006
11065713,2006
10102559,2006
334703,2006
335322,2006
335619,2006
2782557,2006
10101359,2005
21482018,2005
376686,2005
2797847,2005
355125,2005
11541731,2005
10147821,2005
2790800,2005
10080891,2005
356914,2005
11144392,2005
2790786,2005
10100795,2005
2798431,2005
2797562,2005
2785863,2005
10097060,2005
2797516,2005
335578,2005
334970,2005
2785206,2005
350606,2006
338176,2006
10076810,2006
335534,2006
338630,2006
335751,2006
11081301,2006
10075149,2006
10076806,2006
356886,2005
339191,2005
335322,2005
2785719,2005
334970,2005
10044049,2005
10084674,2007
10084704,2007
10101435,2007
22357454,2007
336900,2007
10102641,2007
2785717,2007
11216067,2007
335611,2007
358305,2007
11144342,2007
10147818,2007
11128722,2007
350187,2007
10092560,2007
350949,2007
10096963,2007
22360261,2007
10092578,2007
349941,2007
335320,2007
2786567,2007
2786567,2007
13633805,2007
10102312,2007
13520479,2007
10096551,2009
13613851,2009
13649018,2009
13664568,2009
2761428,2009
10092578,2009
13613810,2009
11298555,2009
2779720,2009
2823422,2009
2764906,2009
2777685,2009
13551092,2009
13551096,2009
334848,2008
23294610,2008
11547021,2008
351617,2008
2771141,2008
13648954,2008
356078,2008
10166823,2008
338888,2008
11081322,2008
339167,2008
23474240,2008
10056944,2009
335322,2009
20350295,2009
10086225,2009
10086229,2009
338227,2009
2785869,2009
2785869,2009
20343688,2009
11551806,2009
21196183,2009
21474955,2009
11120282,2009
2773617,2009
11093647,2009
13654084,2009
2782395,2009
327627,2009
11144329,2009
2805266,2009
13537564,2009
344544,2009
2761392,2009
13642408,2009
13642408,2009
2764906,2009
344544,2009
11053856,2009
338548,2009
13498215,2009
378969,2009
336769,2010
2790739,2010
10096167,2009
336763,2009
10102102,2009
381268,2009
356841,2009
13639509,2009
20343738,2009
11349002,2009
2765908,2009
10096117,2009
10147525,2009
10096961,2009
2769248,2009
11544308,2009
10100971,2009
2761892,2009
351819,2009
335594,2009
2827087,2009
2844408,2009
338026,2009
10092588,2009
10061671,2007
11144329,2007
339495,2007
11052810,2007
10169125,2007
13633805,2008
13520479,2007
11029602,2005
2772015,2005
350502,2009
2787526,2009
340330,2009
21482757,2009
10091538,2009
11128683,2005
11021390,2006
2778414,2006
11065647,2006
11093659,2008
11529671,2008
13613851,2009
2779720,2009
11541850,2008
335320,2008
20497325,2008
356832,2006
2819225,2006
11146877,2006
335142,2006
358442,2006
2770634,2005
357392,2005
2771398,2008
10097272,2008
11320153,2008
21707965,2008
11146936,2011
20350073,2011
23650441,2005
336737,2005
335326,2005
335322,2005
2785719,2005
357071,2007
329884,2007
335056,2007
11065655,2006
10092336,2006
2787632,2006
339167,2006
2785847,2006
11139188,2006
338031,2006
2804958,2006
11349034,2006
22774258,2006
2784733,2006
13494637,2006
352250,2006
21272852,2006
339134,2006
10084639,2011
11529791,2010
22265316,2012
13679827,2012
11216068,2012
20873287,2012
2844202,2010
23651248,2011
23651248,2011
23651248,2011
23651248,2011
10096715,2011
350952,2011
23651248,2011
10078074,2012
11275547,2012
10096795,2012
10096171,2010
334545,2010
20442064,2010
10097522,2007
11338404,2007
329979,2007
10075376,2007
10147532,2007
11529944,2007
336763,2007
358425,2007
2797831,2007
25119692,2007
351013,2007
11530342,2007
11128745,2007
10077722,2007
337424,2007
10100980,2007
10102854,2007
11349017,2011
11280676,2011
10091101,2011
351718,2011
2776962,2011
11567090,2011
11271021,2010
2803488,2010
10102194,2010
10091773,2005
2803656,2005
10091739,2005
351150,2008
11116205,2008
10080935,2008
13501602,2009
2769248,2009
13534118,2009
10098082,2009
11209853,2009
10097907,2009
335039,2009
10094967,2011
351953,2012
13613834,2012
2817611,2010
350602,2010
11525615,2011
340172,2012
21196074,2012
10166674,2012
13664694,2012
11128669,2012
337830,2012
10147600,2010
10103133,2010
13664678,2010
21894673,2009
351361,2010
11031619,2010
21248833,2010
11139311,2010
337831,2011
10096985,2011
10100353,2011
10093167,2011
22357700,2010
13492981,2010
356259,2010
13537456,2010
323323,2010
10102385,2005
382682,2005
2771612,2005
11093629,2005
11337459,2007
2770979,2007
2805024,2007
11095754,2008
350626,2008
10096322,2008
377023,2008
11031627,2008
11550898,2008
11551505,2008
336697,2008
10079819,2008
11549514,2005
352103,2005
2819075,2005
10100912,2007
349924,2007
357285,2007
25119696,2007
357071,2007
21444488,2007
340257,2007
11530201,2007
11311997,2007
21801977,2007
10092893,2007
10098223,2007
2777740,2007
357593,2007
337552,2007
11319976,2007
13505585,2007
11091447,2007
2797845,2007
377106,2007
335251,2007
10083401,2007
13540011,2007
20350157,2007
323384,2007
13644555,2007
10096368,2007
10096801,2007
2778368,2007
335581,2007
340260,2007
323425,2007
10084497,2007
2805244,2007
11144398,2007
2761430,2008
335320,2008
348208,2008
379602,2008
11114062,2008
10085848,2008
10076816,2008
350966,2008
11546949,2008
13642648,2008
13642646,2008
358424,2007
2805242,2007
2797841,2007
10017849,2007
345682,2007
13514176,2007
11546949,2007
2785451,2007
356914,2007
25344675,2007
13635067,2007
13676004,2007
350629,2007
11266694,2007
357403,2007
10093799,2007
21248833,2007
21248833,2007
335578,2007
357038,2007
11033666,2007
21262534,2007
335565,2007
336550,2007
350624,2007
334568,2007
10102351,2007
10102643,2008
11320104,2008
13633757,2008
335326,2008
337737,2008
25119412,2008
10090091,2008
11081316,2008
335289,2008
10102312,2008
11116141,2008
349680,2008
337073,2008
337737,2008
357292,2008
357291,2008
22170919,2008
2786048,2006
10097608,2006
357198,2006
2803536,2006
356920,2006
11052831,2006
2805017,2006
335551,2006
335329,2006
11530048,2006
339167,2006
2815322,2006
352075,2006
11093611,2006
13656578,2006
11278225,2006
10098200,2006
10095498,2006
10146695,2006
11059345,2006
25121304,2006
376759,2006
11313806,2007
10090264,2007
2797749,2006
11085352,2006
11544727,2006
2827069,2006
11130810,2006
11065577,2006
2786574,2006
10083157,2006
338031,2006
2824328,2006
11128684,2006
2845455,2006
11556339,2006
338260,2006
11126446,2006
341842,2006
11216364,2006
10077088,2006
13534103,2007
351741,2007
11078717,2007
2826010,2007
2771610,2007
2764906,2007
11267262,2007
10092920,2007
2797531,2007
2779722,2007
2782640,2007
10079819,2008
13656584,2008
25119412,2008
2785206,2008
327627,2008
11144398,2008
10096929,2008
338034,2008
11518460,2008
11269964,2008
11029574,2008
10116128,2005
10103162,2007
13635067,2006
10092706,2006
339364,2006
335534,2006
381268,2006
2845979,2006
350622,2006
382516,2006
11004753,2006
11128768,2006
10166536,2006
11128744,2006
21272852,2006
339135,2006
339134,2006
10078078,2006
11027503,2010
11544725,2010
11065603,2006
11029560,2006
11029603,2006
13479047,2010
13633584,2010
11349045,2010
10090678,2010
10141028,2010
323409,2010
10147744,2010
350132,2010
22456451,2010
338485,2010
355328,2010
10147518,2010
10080276,2011
11518669,2010
10166564,2010
10166546,2010
10169123,2010
10096777,2010
351122,2010
13546379,2011
351441,2011
323272,2011
11567731,2011
2786048,2011
351792,2011
10084560,2011
2778384,2010
2804915,2010
11037724,2011
10146085,2012
2786617,2012
337420,2012
13637541,2012
20873253,2012
2805099,2012
2804954,2012
350521,2012
20355391,2012
377105,2012
11204411,2012
2804917,2010
11144587,2012
344544,2012
382366,2012
11552121,2012
10024657,2012
338034,2012
21435512,2012
10096795,2012
323272,2012
350606,2012
11116246,2012
2762535,2012
2770979,2012
10102669,2012
323425,2012
2819234,2012
23651248,2012
20471351,2012
10017986,2010
10074822,2011
23651248,2011
13680275,2011
13613806,2011
11295248,2011
2817632,2011
11114036,2013
352625,2013
20444237,2013
10092597,2013
11128676,2013
338451,2013
2825860,2013
337104,2013
22068963,2013
13613834,2013
10080479,2013
11033668,2013
337916,2013
25119692,2013
10137311,2014
10020133,2013
10016579,2013
10016582,2013
334613,2013
338212,2013
2769097,2013
2761752,2013
11124376,2013
338391,2013
25119692,2013
11139311,2013
20353251,2013
379001,2013
11322075,2014
2775266,2014
356842,2014
13527523,2013
10102844,2013
10157286,2014
23651248,2014
2779585,2014
350949,2014
21500751,2014
338201,2014
10092070,2014
13639836,2014
10097382,2014
10098519,2014
2805026,2014
2819023,2014
2770675,2014
2819023,2014
10137544,2014
350502,2014
22580852,2014
11116240,2014
357397,2014
10096488,2014
22823961,2014
334561,2014
10102413,2014
2805163,2014
25409458,2014
11126446,2014
377105,2013
11081322,2014
11536295,2014
11029603,2013
337240,2013
10097907,2014
10102413,2014
11217316,2014
338175,2013
13534173,2013
2805144,2014
10077001,2015
2812189,2013
10102312,2013
13677073,2013
2786066,2013
11547023,2014
25119557,2015
10083157,2015
11139325,2015
337153,2015
25119557,2015
10082572,2015
11531946,2015
10096375,2014
10092556,2015
10101317,2015
11216068,2015
13613851,2015
2778318,2015
11349005,2013
2805024,2013
11529739,2015
11029588,2013
10096108,2013
22580852,2014
10102658,2015
10097117,2015
346125,2015
337756,2015
2782412,2014
10078342,2015
11313806,2015
337195,2015
11536204,2015
24442866,2015
10013138,2015
23294720,2015
355290,2015
21437808,2015
10152688,2015
349888,2015
10097875,2015
11124378,2013
13613826,2013
21482739,2015
11270776,2015
344503,2015
350187,2013
10091626,2014
25409458,2015
10102413,2015
21276479,2013
10013497,2015
338411,2013
11573461,2014
359079,2013
351631,2015
11532609,2013
10097867,2014
11065657,2015
10084596,2015
11029603,2015
11141185,2015
10092704,2015
10100474,2013
350957,2013
335373,2015
329907,2015
10096775,2015
21473118,2015
2846173,2015
21196073,2015
2804952,2015
2845681,2015
11546949,2015
11085354,2015
11126431,2015
334724,2015
11128697,2015
13656584,2015
11567716,2013
2827083,2014
11280270,2014
337972,2014
351371,2014
350017,2015
11033669,2013
11004151,2014
23651251,2013
2773617,2014
10079790,2015
10091963,2015
10096963,2014
11095766,2015
2825456,2015
358761,2015
2785702,2015
23476225,2014
22774258,2014
13483352,2015
2776674,2014
10102413,2015
11552121,2013
350956,2013
11116236,2013
11120320,2014
21276442,2015
335208,2015
2765918,2013
22676792,2014
11544853,2015
21707964,2010
10068037,2010
345920,2010
10096796,2011
2762214,2011
11349037,2011
327626,2011
10080276,2011
13489049,2011
349659,2011
10092917,2010
339163,2012
25344673,2010
323262,2012
335203,2012
357253,2012
11120275,2010
10081148,2007
327623,2007
2785719,2008
10100804,2008
335320,2009
2797841,2010
335320,2010
10092423,2010
345920,2010
335550,2010
2782389,2010
11544783,2010
11128709,2010
2772994,2010
23649395,2011
2786042,2011
2817599,2011
10084341,2011
351150,2010
2770497,2011
10080276,2011
2777377,2011
10102590,2011
2819036,2011
11163933,2011
13642824,2011
338514,2011
10082213,2011
10097054,2011
10031873,2012
335610,2012
327627,2012
10082568,2010
-1,2010
2845452,2011
10102735,2011
2827097,2011
10097386,2012
335560,2010
382561,2010
11529821,2011
13633946,2011
10079809,2011
2803514,2011
11128743,2011
2797569,2012
335586,2011
10092730,2011
10162006,2011
10075320,2011
13505603,2011
11139240,2011
21269857,2011
11272684,2011
2811581,2011
11093611,2010
337196,2010
340180,2011
20341271,2011
2764906,2009
11530258,2009
13495423,2009
10166534,2010
11316455,2010
351369,2010
2777354,2010
13613818,2010
13656578,2010
336418,2011
2787526,2011
13635067,2010
21438779,2011
2805432,2011
382522,2011
11193777,2011
335493,2011
350606,2012
335560,2011
334545,2010
10073954,2011
2798412,2011
11081317,2011
11029603,2011
10102818,2010
11144321,2011
2804946,2012
22360261,2012
2761995,2012
10097831,2012
350635,2012
10095488,2012
2782171,2012
11319895,2012
10076810,2012
11146895,2012
11340251,2012
11144323,2012
11282891,2012
10076409,2010
2817731,2011
2782537,2010
2819123,2011
378977,2011
350782,2011
11523834,2011
10146085,2011
350953,2011
350957,2011
350957,2011
10097463,2012
339268,2012
20474914,2012
351620,2010
338824,2011
10073854,2011
349770,2012
2804952,2012
2761884,2012
13650882,2012
351568,2012
23651248,2012
11128677,2012
2762535,2012
10102312,2012
11081301,2012
25017111,2012
10076806,2012
349766,2012
25017111,2012
10097127,2012
359091,2010
350993,2010
336769,2010
20437273,2010
2817733,2011
10067978,2011
10075182,2011
2803224,2011
379597,2011
10084522,2011
2805464,2012
2767147,2012
23651244,2012
338063,2012
338074,2012
338026,2010
339191,2005
13648955,2010
336569,2010
11105819,2010
10097831,2010
11529967,2011
323264,2011
13635011,2011
398546,2011
2837881,2011
338484,2011
350952,2011
349918,2011
350952,2011
336476,2016
11146824,2017
21428404,2017
2782632,2017
336591,2017
10084389,2016
2777377,2016
21197299,2016
2797500,2016
21248833,2016
23651248,2016
2819159,2016
2761435,2016
358307,2016
13639189,2016
2771742,2017
11332332,2016
10102365,2016
13504261,2016
21277879,2017
13654084,2016
11116140,2016
338927,2016
11536300,2016
10096795,2016
2785934,2017
10077063,2017
323262,2016
10088841,2016
23246895,2016
11278233,2017
11533625,2017
10154700,2016
11544725,2016
340260,2016
340176,2016
25285838,2016
2804954,2017
2819063,2017
10084503,2016
10086209,2016
13613816,2016
10102467,2016
350606,2016
337916,2016
338658,2016
10147530,2016
20898829,2016
13639189,2016
10092426,2016
11146900,2016
10073954,2016
335734,2016
13613824,2016
352214,2016
2770534,2016
10092296,2016
2819217,2016
10147744,2016
10102365,2016
10077473,2016
10098082,2016
350823,2016
339181,2016
21277863,2016
10092755,2016
2845681,2016
11539031,2016
10102304,2016
10092742,2016
13613806,2016
350602,2016
11529790,2016
339577,2016
335038,2016
2836636,2016
13476661,2016
351794,2016
13639189,2016
10091124,2016
10092045,2017
25430402,2017
336591,2017
2785847,2017
2817765,2017
2805478,2017
336734,2017
11539627,2017
11029555,2016
10102549,2016
350501,2017
11029562,2016
350823,2016
352517,2016
10061820,2017
2805144,2017
